artigoEmPeriodico	David Correa Martins Junior	2017	2359-4756		Análise da rede de modo padrão em diferentes casos clínicos	Interciente	MERINO, C. R. S. ; AMARAL, L. L. ; ANTONIO, M. R. ; BARBOUR, V. ; MARTINS-JR, DAVID CORREA	Qualis nao identificado	Interciente
artigoEmPeriodico	David Correa Martins Junior	2017	2359-4756		Os Vírus e a Rede Evolutiva	Interciente	LIMA, M. R. ; MARTINS-JR, DAVID CORREA	Qualis nao identificado	Interciente
artigoEmPeriodico	David Correa Martins Junior	2017	1066-5277	http://dx.doi.org/10.1089/cmb.2017.0022	GeNICE: A Novel Framework for Gene Network Inference by Clustering, Exhaustive Search, and Multivariate Analysis	JOURNAL OF COMPUTATIONAL BIOLOGY	JACOMINI, RICARDO DE SOUZA ; MARTINS-JR., DAVID CORREA ; SILVA, FELIPE LENO DA ; REALI COSTA, ANNA HELENA	A1	Journal of Computational Biology
artigoEmPeriodico	David Correa Martins Junior	2017	2045-2322	http://dx.doi.org/10.1038/s41598-017-06659-1	Multidimensional integrative analysis uncovers driver candidates and biomarkers in penile carcinoma	Scientific Reports	MARCHI, FABIO ALBUQUERQUE ; MARTINS, DAVID CORREA ; BARROS-FILHO, MATEUS CAMARGO ; KUASNE, Hellen ; BUSSO LOPES, ARIANE FIDELIS ; Brentani, Helena ; TRINDADE FILHO, JOSE CARLOS SOUZA ; GUIMARÃES, GUSTAVO CARDOSO ; FARIA, ELINEY F. ; SCAPULATEMPO-NETO, CRISTOVAM ; LOPES, ADEMAR ; ROGATTO, SILVIA REGINA	Qualis nao identificado	Scientific Reports
artigoEmPeriodico	David Correa Martins Junior	2017	1949-2553	http://dx.doi.org/10.18632/oncotarget.23053	Genome-wide analysis of the human malaria parasite <i>Plasmodium falciparum</i> transcription factor PfNF-YB shows interaction with a CCAAT motif	Oncotarget	REZENDE LIMA, WÂNIA ; CORREA MARTINS, DAVID ; SIMÔNIO PARREIRA, KLEBER ; SCARPELLI, PEDRO ; SANTOS DE MORAES, MIRIAM ; TOPALIS, PANTELIS ; FUMIO HASHIMOTO, RONALDO ; R. S. GARCIA, CÉLIA	Qualis nao identificado	Oncotarget
artigoEmPeriodico	David Correa Martins Junior	2016	2052-4897	http://dx.doi.org/10.1136/bmjdrc-2016-000273	Gene expression profile of whole blood cells differs in pregnant women with positive screening and negative diagnosis for gestational diabetes	BMJ Open Diabetes Research & Care	GELALETI, R. ; DAMASCENO, D. ; SALVADORI, D. ; CALDERON, I. ; COSTA, R. ; PICULO, F. ; MARTINS-JR, DAVID CORREA ; RUDGE, M.	Qualis nao identificado	BMJ Open Diabetes Research & Care
artigoEmPeriodico	David Correa Martins Junior	2016	1947-6027	http://dx.doi.org/10.18632/genesandcancer.118	Signaling transcript profile of the asexual intraerythrocytic development cycle of Plasmodium falciparum induced by melatonin and cAMP	Genes & Cancer	LIMA, W. R. ; TESSARIN-ALMEIDA, G. ; ROZANSKI, A. ; PARREIRA, K. S. ; MORAES, M. ; MARTINS-JR, DAVID CORREA ; HASHIMOTO, Ronaldo F. ; GALANTE, P. A. F. ; GARCIA, C. R. S.	Qualis nao identificado	Genes & Cancer
artigoEmPeriodico	David Correa Martins Junior	2016	0167-739X	http://dx.doi.org/10.1016/j.future.2016.02.009	Finding exact hitting set solutions for systems biology applications using heterogeneous GPU clusters	Future Generation Computer Systems	CARASTAN-SANTOS, DANILO ; DE CAMARGO, RAPHAEL Y. ; Martins, David C. ; SONG, SIANG W. ; ROZANTE, LUIZ C.S.	A2	
artigoEmPeriodico	David Correa Martins Junior	2015	1471-2105	http://dx.doi.org/10.1186/1471-2105-16-S19-S9	NERI: network-medicine based integrative approach for disease gene prioritization by relative importance	BMC Bioinformatics	SIMÕES, Sérgio Nery ; MARTINS-JR, David Corrêa ; PEREIRA, Carlos Alberto de Bragança ; HASHIMOTO, Ronaldo F. ; BRENTANI, H.	A1	
artigoEmPeriodico	David Correa Martins Junior	2015	2192-6670	http://dx.doi.org/10.1007/s13721-015-0092-3	One genetic algorithm per gene to infer gene networks from expression data	Network Modeling Analysis in Health Informatics and Bioinformatics	JIMENEZ, R. D. ; MARTINS-JR, David Corrêa ; SANTOS, Carlos S.	Qualis nao identificado	Network Modeling Analysis in Health Informatics and Bioinformatics
artigoEmPeriodico	David Correa Martins Junior	2015	2192-6662	http://dx.doi.org/10.1007/s13721-015-0105-2	Linear grouping of predictor instances to infer gene networks	Network Modeling Analysis in Health Informatics and Bioinformatics	CUBAS, CARLOS FERNANDO MONTOYA ; MARTINS-JR, DAVID CORREA ; SANTOS, CARLOS SILVA ; Barrera, Junior	Qualis nao identificado	Network Modeling Analysis in Health Informatics and Bioinformatics
artigoEmPeriodico	David Correa Martins Junior	2015	2192-6662	http://dx.doi.org/10.1007/s13721-015-0104-3	Identifying dense subgraphs in protein-protein interaction network for gene selection from microarray data	Network Modeling Analysis in Health Informatics and Bioinformatics	SWARNKAR, TRIPTI ; SIMÕES, SERGIO NERY ; ANURA, ANJI ; Brentani, Helena ; CHATTERJEE, JYOTIRMOY ; HASHIMOTO, RONALDO FUMIO ; MARTINS, DAVID CORREA ; MITRA, PABITRA	Qualis nao identificado	Network Modeling Analysis in Health Informatics and Bioinformatics
artigoEmPeriodico	David Correa Martins Junior	2014	0020-0255	http://dx.doi.org/10.1016/j.ins.2014.02.096	A feature selection technique for inference of graphs from their known topological properties: Revealing scale-free gene regulatory networks	Information Sciences	Lopes, Fabrício M. ; Martins, David C. ; BARRERA, Junior ; Cesar, Roberto M.	A1	
artigoEmPeriodico	David Correa Martins Junior	2013	0020-0255	http://dx.doi.org/10.1016/j.ins.2012.10.027	Signal propagation in Bayesian networks and its relationship with intrinsically multivariate predictive variables	Information Sciences	Martins, David C.; DE OLIVEIRA, EVALDO A. ; Braga-Neto, Ulisses M. ; HASHIMOTO, Ronaldo F. ; Cesar, Roberto M.	A1	
artigoEmPeriodico	David Correa Martins Junior	2013	1471-2105	http://dx.doi.org/10.1186/1471-2105-14-S18-S5	Gene regulatory networks inference using a multi-GPU exhaustive search algorithm	BMC Bioinformatics	F. F. Borelli ; R. Y. Camargo ; Martins-Jr, David C. ; L. C. S. Rozante	A1	
artigoEmPeriodico	David Correa Martins Junior	2010	0031-3203	http://dx.doi.org/10.1016/j.patcog.2009.08.018	U-curve: A branch-and-bound optimization algorithm for U-shaped cost functions on Boolean lattices applied to the feature selection problem?	Pattern Recognition	RIS, Marcelo ; BARRERA, Junior ; MARTINS JR, David Corrêa	A1	
artigoEmPeriodico	David Correa Martins Junior	2009	1047-3203	http://dx.doi.org/10.1016/j.jvcir.2009.01.002	Generating segmented meshes from textured color images	Journal of Visual Communication and Image Representation (Print)	Lizier, Mario A.S. ; MARTINS JR, David Corrêa ; Cuadros-Vargas, Alex J. ; Cesar Jr., Roberto M. ; Nonato, Luis G.	B1	
artigoEmPeriodico	David Correa Martins Junior	2008	1932-4553	http://dx.doi.org/10.1109/JSTSP.2008.923841	Intrinsically Multivariate Predictive Genes	IEEE Journal of Selected Topics in Signal Processing	Martins, David C.; Braga-Neto, Ulisses M. ; HASHIMOTO, Ronaldo F. ; Bittner, Michael L. ; Dougherty, Edward R.	A1	
artigoEmPeriodico	David Correa Martins Junior	2008	1471-2105	http://dx.doi.org/10.1186/1471-2105-9-451	Feature selection environment for genomic applications	BMC Bioinformatics	Lopes, Fabricio M. ; Martins, David C. ; Cesar, Roberto M.	A1	
artigoEmPeriodico	David Correa Martins Junior	2007	1471-2105	http://dx.doi.org/10.1186/1471-2105-8-169	A feature selection approach for identification of signature genes from SAGE data	BMC Bioinformatics	BARRERA, Junior ; Cesar, Roberto M ; Humes, Carlos ; Martins, David C ; Patrão, Diogo FC ; Silva, Paulo JS ; Brentani, Helena	A1	
artigoEmPeriodico	David Correa Martins Junior	2006	1433-7541	http://dx.doi.org/10.1007/s10044-006-0031-0	W-operator window design by minimization of mean conditional entropy	Pattern Analysis and Applications (Print)	Martins, David C.; Cesar, Roberto M. ; BARRERA, Junior	B1	
trabalhoCompletoEmCongresso	David Correa Martins Junior	2017	http://dx.doi.org/10.1007/978-0-387-34569-7_2	A Hybrid CPU-GPU-MIC Algorithm for the Hitting Set Problem	WSCAD	CARASTAN-SANTOS, DANILO ; MARTINS-JR, DAVID CORREA ; L. C. S. Rozante ; S. W. Song ; R. Y. Camargo	Qualis nao identificado	WSCAD
trabalhoCompletoEmCongresso	David Correa Martins Junior	2016		Um algoritmo exato em Intel Xeon Phi para o Hitting Set voltado para aplicações de biologia de sistemas	Escola Regional de Alto Desempenho (ERAD-SP)	CARASTAN-SANTOS, DANILO ; MARTINS-JR, DAVID CORREA ; ROZANTE, LUIZ CARLOS SILVA ; SONG, SIANG WUN ; CAMARGO, RAPHAEL YOKOINGAWA DE	B5	Escola Regional de Alto Desempenho
trabalhoCompletoEmCongresso	David Correa Martins Junior	2016		A Framework for Scalable Inference of Temporal Gene Regulatory Networks based on Clustering and Multivariate Analysis	25th International Joint Conference on Artificial Intelligence - Advances in Bioinformatics and Artificial Intelligence: Bridiging the Gap	JACOMINI, R. S. ; MARTINS-JR, DAVID CORREA ; SILVA, F. L. ; COSTA, A. H. R.	Qualis nao identificado	25th International Joint Conference on Artificial Intelligence - Advances in Bioinformatics and Artificial Intelligence: Bridiging the Gap
trabalhoCompletoEmCongresso	David Correa Martins Junior	2015	http://dx.doi.org/10.1109/CCGrid.2015.29	A Multi-GPU Hitting Set Algorithm for GRNs Inference	2015 15th IEEE/ACM International Symposium on Cluster	CARASTAN-SANTOS, DANILO ; CAMARGO, RAPHAEL YOKOINGAWA DE ; MARTINS, DAVID CORREA ; SONG, SIANG WUN ; ROZANTE, LUIZ CARLOS SILVA ; BORELLI, FABRIZIO FERREIRA	Qualis nao identificado	2015 15th IEEE/ACM International Symposium on Cluster
trabalhoCompletoEmCongresso	David Correa Martins Junior	2015		Using Ensemble Combiners to Improve Gene Regulatory Network Inference	International Joint Conference on Artificial Intelligence (IJCAI)	FACHINI, A. R. ; MARTINS-JR, David Corrêa ; COSTA, A. H. R.	A1	International Joint Conference on Artificial Inteligence
trabalhoCompletoEmCongresso	David Correa Martins Junior	2014		Gerenciamento eficiente de memória compartilhada em GPUs para o problema da busca exaustiva	Escola Regional de Alto Desempenho de São Paulo	F. F. Borelli ; R. Y. Camargo ; MARTINS JR, David Corrêa ; S. W. Song ; L. C. S. Rozante	B5	Escola Regional de Alto Desempenho
trabalhoCompletoEmCongresso	David Correa Martins Junior	2014	http://dx.doi.org/10.1109/BIBE.2014.9	Gene Networks Inference through One Genetic Algorithm Per Gene	2014 IEEE International Conference on Bioinformatics and Bioengineering (BIBE)	JIMENEZ, RAY DUENAS ; MARTINS, DAVID CORREA ; SANTOS, CARLOS SILVA	B5	International Conference on Bioinformatics
trabalhoCompletoEmCongresso	David Correa Martins Junior	2014	http://dx.doi.org/10.1109/BIBE.2014.10	Gene Networks Inference through Linear Grouping of Variables	2014 IEEE International Conference on Bioinformatics and Bioengineering (BIBE)	MONTOYA-CUBAS, CARLOS FERNANDO ; MARTINS, DAVID CORREA ; SANTOS, CARLOS SILVA ; Barrera, Junior	B5	International Conference on Bioinformatics
trabalhoCompletoEmCongresso	David Correa Martins Junior	2014	http://dx.doi.org/10.1109/BIBE.2014.33	Multiview Clustering on PPI Network for Gene Selection and Enrichment from Microarray Data	2014 IEEE International Conference on Bioinformatics and Bioengineering (BIBE)	SWARNKAR, TRIPTI ; SIMOES, SERGIO NERY ; MARTINS, DAVID CORREA ; ANURAK, ANJI ; Brentani, Helena ; HASHIMOTO, RONALDO FUMIO ; MITRA, PABITRA	B5	International Conference on Bioinformatics
trabalhoCompletoEmCongresso	David Correa Martins Junior	2014	http://dx.doi.org/10.1109/bibe.2014.22	Network-Based Disease Gene Prioritization by Hitting Time Analysis	2014 IEEE International Conference on Bioinformatics and Bioengineering (BIBE)	LIMA, LEANDRO DE A. ; SIMOES, SERGIO NERY ; HASHIMOTO, RONALDO FUMIO ; JUNIOR, DAVID C. MARTINS ; Brentani, Helena ; MOTA, GUILHERME O.	B5	International Conference on Bioinformatics
trabalhoCompletoEmCongresso	David Correa Martins Junior	2012	http://dx.doi.org/10.1109/ICCABS.2012.6182628	Accelerating Gene Regulatory Networks Inference through GPU/CUDA Programming	2nd IEEE International Conference on Computational Advances in Bio and Medical Sciences (ICCABS)	F. F. Borelli ; R. Y. Camargo ; MARTINS JR, David Corrêa ; B. Stransky ; L. C. S. Rozante	B5	IEEE International Conference on Computational Advances in Bio and Medical Sciences
trabalhoCompletoEmCongresso	David Correa Martins Junior	2012	http://dx.doi.org/10.1145/2382936.2383021	Shortest paths ranking methodology to identify alterations in PPI networks of complex diseases	ACM Conference on Bioinformatics	SIMÕES, Sérgio Nery ; MARTINS-JR, DAVID CORREA ; Brentani, Helena ; FUMIO, RONALDO	Qualis nao identificado	ACM Conference on Bioinformatics
trabalhoCompletoEmCongresso	David Correa Martins Junior	2010	http://dx.doi.org/10.1007/978-3-642-16001-1_35	SFFS-MR: A Floating Search Strategy for GRNs Inference	5th IAPR International Conference on Pattern Recognition in Bioinformatics	LOPES, Fabrício Martins ; MARTINS JR, David Corrêa ; BARRERA, Junior ; CESAR JR, Roberto Marcondes	A1	International Conference on Pattern Recognition
trabalhoCompletoEmCongresso	David Correa Martins Junior	2010	http://dx.doi.org/10.1007/978-3-642-16687-7_23	Inference of restricted stochastic Boolean GRN's by Bayesian error and entropy based criteria	15th Iberoamerican Congress on Pattern Recognition (CIARP)	MARTINS JR, David Corrêa; de Oliveira E. A. ; LOUZADA, V. H. ; HASHIMOTO, Ronaldo F.	B2	Iberoamerican Congress on Pattern Recognition
trabalhoCompletoEmCongresso	David Correa Martins Junior	2009	http://dx.doi.org/10.1109/GENSIPS.2009.5174335	Revealing temporal genetic regulatory networks from steady-state distributions	IEEE International Workshop on Genomic Signal Processing and Statistics (GENSIPS)	MARTINS JR, David Corrêa; de Oliveira E. A. ; SILVA, P. J. S. ; HASHIMOTO, Ronaldo F. ; CESAR JR, Roberto Marcondes	B4	IEEE International Workshop on Genomic Signal Processing and Statistics
trabalhoCompletoEmCongresso	David Correa Martins Junior	2009	http://dx.doi.org/10.1109/GENSIPS.2009.5174334	Comparative study of GRNs inference methods based on feature selection by mutual information	IEEE International Workshop on Genomic Signal Processing and Statistics (GENSIPS)	LOPES, Fabrício Martins ; MARTINS JR, David Corrêa ; CESAR JR, Roberto Marcondes	B4	IEEE International Workshop on Genomic Signal Processing and Statistics
trabalhoCompletoEmCongresso	David Correa Martins Junior	2008	http://dx.doi.org/10.1109/GENSIPS.2008.4555656	Network properties of intrinsically multivariate predictive genes	GENSIPS - International Workshop on Genomic Signal Processing and Statistics	MARTINS JR, David Corrêa; Braga-Neto, Ulisses M. ; Bittner, Michael L. ; Dougherty, Edward R.	B4	IEEE International Workshop on Genomic Signal Processing and Statistics
trabalhoCompletoEmCongresso	David Correa Martins Junior	2005	http://dx.doi.org/10.1007/11578079_85	Automatic Window Design for Gray-Scale Image Processing Based on Entropy Minimization	X Iberoamerican Congress on Pattern Recognition	MARTINS JR, David Corrêa; CESAR JR, Roberto Marcondes ; BARRERA, Junior	B2	Iberoamerican Congress on Pattern Recognition
trabalhoCompletoEmCongresso	David Correa Martins Junior	2005		Redução de Dimensionalidade Utilizando Entropia Condicional Média: Aplicações em Filtragem de Imagens e em Reconhecimento de Texturas	XVIII Brazilian Conference on Computer Graphics and Image Processing (SIBGRAPI)	MARTINS JR, David Corrêa; CESAR JR, Roberto Marcondes ; BARRERA, Junior	B1	SIBGRAPI
trabalhoCompletoEmCongresso	David Correa Martins Junior	2004	http://dx.doi.org/10.1109/SIBGRA.2004.1352957	W-operator Window Design by Maximization of Training Data Information	XVII Brazilian Symposium on Computer Graphics and Image Processing (SIBGRAPI) - QUALIS Internacional B	MARTINS JR, David Corrêa; CESAR JR, Roberto Marcondes ; BARRERA, Junior	B1	SIBGRAPI
trabalhoCompletoEmCongresso	David Correa Martins Junior	2004		A New Annotation Tool for Malaria Based on Inference of Probabilistic Genetic Networks	Fifth International Conference for the Critical Assessment of Microarray Data Analysis (CAMDA	BARRERA, Junior ; CESAR JR, Roberto Marcondes ; MARTINS JR, David Corrêa ; MERINO, E. F. ; VÊNCIO, Ricardo Z. N. ; LEONARDI, Florência G. ; YAMAMOTO, Marcelo M. ; PEREIRA, Carlos Alberto de Bragança ; PORTILLO, Hernando A.	Qualis nao identificado	Fifth International Conference for the Critical Assessment of Microarray Data Analysis (CAMDA
trabalhoCompletoEmCongresso	David Correa Martins Junior	2002		From Microarray Images to Biological Knowledge	Second Brazilian Symposium on Mathematical and Computational Biology	BARRERA, Junior ; CESAR JR, Roberto Marcondes ; DANTAS, D. O. ; MARTINS JR, David Corrêa ; TREPODE, N. W.	Qualis nao identificado	Second Brazilian Symposium on Mathematical and Computational Biology
artigoEmPeriodico	Jesus Pascual Mena Chalco	2018	1615-5289	http://dx.doi.org/10.1007/s10209-017-0540-1	Mobile device accessibility for the visually impaired: problems mapping and recommendations	Universal Access in the Information Society	DAMACENO, R. J. P. ; BRAGA, J. C. ; MENA-CHALCO, J. P.	B1	Universal Access in the Information Society (Print)
artigoEmPeriodico	Jesus Pascual Mena Chalco	2018	1981-6278	http://dx.doi.org/10.29397/reciis.v12i2.1515	Mapeamento de pesquisadores precursores da área de prevenção de drogas em contextos educacionais no Brasil	RECIIS - Revista Eletrônica de Comunicação, Informação & Inovação em Saúde	BERNARDO, J. F. ; PINHEIRO, B. O. ; MENA-CHALCO, J. P. ; MICHELI, D.	Qualis nao identificado	RECIIS - Revista Eletrônica de Comunicação, Informação & Inovação em Saúde
artigoEmPeriodico	Jesus Pascual Mena Chalco	2018	1751-1577	http://dx.doi.org/10.1016/j.joi.2018.08.004	Topological metrics in academic genealogy graphs	Journal of Informetrics	ROSSI, L. ; DAMACENO, R. J. P. ; FREIRE, I. L. ; BECHARA, E. J. H. ; MENA-CHALCO, J. P.	B2	Journal of Informatrics
artigoEmPeriodico	Jesus Pascual Mena Chalco	2018	0103-0752	http://dx.doi.org/10.1214/17-bjps362	Brazilian network of PhDs working with probability and statistics	Brazilian Journal of Probability and Statistics	DIGIAMPIETRI, LUCIANO ; RÊGO, LEANDRO ; COSTA DE SOUZA, FILIPE ; OSPINA, RAYDONAL ; MENA-CHALCO, JESÚS	B4	
artigoEmPeriodico	Jesus Pascual Mena Chalco	2017	1678-4634	http://dx.doi.org/10.1590/s1517-9702201702152528	Expansão da temática relações raciais no banco de dados de teses e dissertações da CAPES	EDUCAÇÃO E PESQUISA	ARTES, A. C. A. ; MENA CHALCO, J. P.	Qualis nao identificado	EDUCAÇÃO E PESQUISA
artigoEmPeriodico	Jesus Pascual Mena Chalco	2017	1516-7313	http://dx.doi.org/10.1590/1516-731320170020006	(Inter)disciplinaridade e transversalidades: o projeto de formação superior da Universidade Federal do ABC	Ciência e Educação (UNESP)	XAVIER, A. M. ; STEIL, L. J. ; MENA-CHALCO, J. P.	Qualis nao identificado	Ciência e Educação (UNESP)
artigoEmPeriodico	Jesus Pascual Mena Chalco	2017	2330-1635	http://dx.doi.org/10.1002/asi.23635	Scholarly publication and collaboration in Brazil: The role of geography	Journal of the Association for Information Science and Technology	SIDONE, OTÁVIO JOSÉ GUERCI ; HADDAD, EDUARDO AMARAL ; MENA-CHALCO, JESÚS PASCUAL	A1	
artigoEmPeriodico	Jesus Pascual Mena Chalco	2017	1751-1577	http://dx.doi.org/10.1016/j.joi.2017.04.001	Genealogical index: A metric to analyze advisor-advisee relationships	Journal of Informetrics	ROSSI, L. ; FREIRE, I. L. ; MENA-CHALCO, J. P.	B2	Journal of Informatrics
artigoEmPeriodico	Jesus Pascual Mena Chalco	2017	1980-5357		Produção Científica e Redes de Colaboração dos Docentes Vinculados aos Programas de Pós-graduação em Economia no Brasil	ESTUDOS ECONÔMICOS	HADDAD, E. A. ; MENA-CHALCO, J. P. ; SIDONE, O. J. G.	Qualis nao identificado	ESTUDOS ECONÔMICOS
artigoEmPeriodico	Jesus Pascual Mena Chalco	2017	0160-0176		Scholarly Collaboration in Regional Science in Developing Countries: The Case of the Brazilian REAL Network	INTERNATIONAL REGIONAL SCIENCE REVIEW	HADDAD, E. A. ; MENA-CHALCO, J. P. ; SIDONE, O. J. G.	Qualis nao identificado	INTERNATIONAL REGIONAL SCIENCE REVIEW
artigoEmPeriodico	Jesus Pascual Mena Chalco	2017	1981-6278		Artigos em Periódicos de Acesso Aberto: um Estudo com Pesquisadores Bolsistas de Produtividade do CNPq	RECIIS - Revista Eletrônica de Comunicação, Informação & Inovação em Saúde	LETA, J. ; COSTA, E. H. S. ; MENA-CHALCO, J. P.	Qualis nao identificado	RECIIS - Revista Eletrônica de Comunicação, Informação & Inovação em Saúde
artigoEmPeriodico	Jesus Pascual Mena Chalco	2016	1678-8060	http://dx.doi.org/10.1590/0074-02760150386	The dynamics of Brazilian protozoology over the past century	Memórias do Instituto Oswaldo Cruz (Online)	ELIAS, M. C. ; WINTER, L. M. F. ; MENA-CHALCO, J. P.	Qualis nao identificado	Memórias do Instituto Oswaldo Cruz (Online)
artigoEmPeriodico	Jesus Pascual Mena Chalco	2016	2318-0889	http://dx.doi.org/10.1590/2318-08892016002800006	Exploração da Plataforma Lattes por assunto: proposta de metodologia	Transinformacao	BRITO, ALINE GRASIELE CARDOSO DE ; QUONIAM, LUC ; MENA-CHALCO, JESÚS PASCUAL	Qualis nao identificado	Transinformacao
artigoEmPeriodico	Jesus Pascual Mena Chalco	2016	0798-1015		Funded projects on dengue fever in brazil: use of the scriptlattes tool to support the planning of public health research	Espacios (Caracas)	MOTTA, L. J. ; FERRAZ, R. R. N. ; QUONIAM, L. ; MENA-CHALCO, J. P.	Qualis nao identificado	Espacios (Caracas)
artigoEmPeriodico	Jesus Pascual Mena Chalco	2016	2318-0889	http://dx.doi.org/10.1590/2318-08892016002800002	A ciência nas regiões brasileiras: evolução da produção e das redes de colaboração científica	Transinformacao	SIDONE, OTÁVIO JOSÉ GUERCI ; HADDAD, EDUARDO AMARAL ; MENA-CHALCO, JESÚS PASCUAL	Qualis nao identificado	Transinformacao
artigoEmPeriodico	Jesus Pascual Mena Chalco	2015	0097-8493	http://dx.doi.org/10.1016/j.cag.2015.02.009	Facing the High-dimensions: Inverse Projection with Radial Basis Functions	Computers & Graphics	AMORIM, ELISA ; BRAZIL, EMILIO VITAL ; MENA-CHALCO, JESÚS ; VELHO, LUIZ ; NONATO, LUIS GUSTAVO ; SAMAVATI, FARAMARZ ; SOUSA, MARIO COSTA	B1	
artigoEmPeriodico	Jesus Pascual Mena Chalco	2015	1932-6203	http://dx.doi.org/10.1371/journal.pone.0129065	Analysis of an Advisor-Advisee Relationship: An Exploratory Study of the Area of Exact and Earth Sciences in Brazil	Plos One	TUESTA, E. F. ; DELGADO, K. V. ; MUGNAINI, R. ; DIGIAMPIETRI, L. A. ; MENA-CHALCO, J. P. ; PEREZ-ALCAZAR, J.	A1	
artigoEmPeriodico	Jesus Pascual Mena Chalco	2015	1981-5344	http://dx.doi.org/10.1590/1981-5344/2434	Perfil de produção acadêmica dos programas brasileiros de pós-graduação em Ciência da Informação 2008-2012	Perspectivas em Ciência da Informação (Online)	AUTRAN, M. M. M. ; BORGES, M. M. ; MENA-CHALCO, J. P. ; PINHEIRO, V. G.	B4	Ciência da Informação (Online)
artigoEmPeriodico	Jesus Pascual Mena Chalco	2015	1518-2924	http://dx.doi.org/10.5007/1518-2924.2015v20n43p93	Extração e disponibilização on line de indicadores de desempenho e prospecção dos resultados das pesquisas em dengue com a utilização da ferramenta computacional Scriptlattes	Encontros Bibli	FERRAZ, R. R. ; QUONIAM, L. M. ; PIMENTA, D. N. ; MENA-CHALCO, J. P. ; NIGRO, C. A.	C	
artigoEmPeriodico	Jesus Pascual Mena Chalco	2015	2176-901X		O envelhecimento na sociologia brasileira contemporânea: notas preliminares	Revista Kairós (Online)	PEDRO, W. J. A. ; MENA-CHALCO, J. P.	Qualis nao identificado	Revista Kairós (Online)
artigoEmPeriodico	Jesus Pascual Mena Chalco	2014	2330-1635	http://dx.doi.org/10.1002/asi.23010	Brazilian bibliometric coauthorship networks	Journal of the Association for Information Science and Technology	MENA-CHALCO, J. P.; DIGIAMPIETRI, L. A. ; LOPES, F. M. ; CESAR JUNIOR, R. M.	A1	
artigoEmPeriodico	Jesus Pascual Mena Chalco	2014	1932-6203	http://dx.doi.org/10.1371/journal.pone.0094541	BraX-Ray: An X-Ray of the Brazilian Computer Science Graduate Programs	Plos One	DIGIAMPIETRI, LUCIANO A. ; MENA-CHALCO, JESÚS P. ; VAZ DE MELO, PEDRO O. S. ; MALHEIRO, ANA P. R. ; MEIRA, DÂNIA N. O. ; FRANCO, LARYSSA F. ; OLIVEIRA, LEONARDO B.	A1	
artigoEmPeriodico	Jesus Pascual Mena Chalco	2014	0103-3786	http://dx.doi.org/10.1590/0103-3786201400030002	Comunicação científica no Brasil (1998-2012): indexação, crescimento, fluxo e dispersão	Transinformação	MUGNAINI, R. ; DIGIAMPIETRI, L. A. ; MENA-CHALCO, J. P.	C	
artigoEmPeriodico	Jesus Pascual Mena Chalco	2014	1808-5245		Análise macro das últimas atualizações dos Currículos Lattes	Em Questão	DIGIAMPIETRI, L. A. ; MUGNAINI, R. ; MENA-CHALCO, J. P. ; DELGADO, K. V. ; PEREZ-ALCAZAR, J.	Qualis nao identificado	Em Questão
artigoEmPeriodico	Jesus Pascual Mena Chalco	2014	1981-8920	http://dx.doi.org/10.5433/1981-8920.2014v19n3p30	Extração e tratamento de dados na base lattes para identificação de core competencies em dengue	Informação & Informação (UEL. Online)	MAGALHAES, J. L. ; QUONIAM, L. ; MENA-CHALCO, J. P. ; SANTOS, A.	C	
artigoEmPeriodico	Jesus Pascual Mena Chalco	2014	9999-9998		Redes de colaboração acadêmica: Um estudo de caso da produção bibliográfica da UFABC	Revista Interciente	MENA-CHALCO, J. P.; DALPIAN, G. M. ; CAPELLE, K.	Qualis nao identificado	Revista Interciente
artigoEmPeriodico	Jesus Pascual Mena Chalco	2012	1807-8893		Perfil de produção acadêmica dos programas brasileiros de pós-graduação em Ciência da Computação nos triênios 2004-2006 e 2007-2009	Em Questão (UFRGS. Impresso)	MENA-CHALCO, J. P.; DIGIAMPIETRI, L. A. ; OLIVEIRA, Leonardo B.	C	
artigoEmPeriodico	Jesus Pascual Mena Chalco	2011	1571-0661	http://dx.doi.org/10.1016/j.entcs.2011.11.031	Robust Range Finder Through a Laser Pointer and a Webcam	Electronic Notes in Theoretical Computer Science	Portugal-Zambrano, Christian E. ; MENA-CHALCO, JESÚS P.	B1	
artigoEmPeriodico	Jesus Pascual Mena Chalco	2009	0100-879X	http://dx.doi.org/10.1590/S0100-879X2009000700008	A Novel Polar-based Human Face Recognition Computational Model	Brazilian Journal of Medical and Biological Research (Impresso)	ZANA, Y. ; MENA-CHALCO, J. P. ; CESAR JUNIOR, R. M.	B2	
artigoEmPeriodico	Jesus Pascual Mena Chalco	2009	0178-2789	http://dx.doi.org/10.1007/s00371-009-0373-x	3D Face Computational Photography Using PCA Spaces	The Visual Computer	MENA-CHALCO, J. P.; MACÊDO, I. ; VELHO, L. ; CESAR JUNIOR, R. M.	B1	
artigoEmPeriodico	Jesus Pascual Mena Chalco	2009	0104-6500	http://dx.doi.org/10.1007/BF03194511	scriptLattes: an open-source knowledge extraction system from the Lattes platform	Journal of the Brazilian Computer Society (Impresso)	MENA-CHALCO, JESÚS PASCUAL; JUNIOR, ROBERTO MARCONDES CESAR	B2	
artigoEmPeriodico	Jesus Pascual Mena Chalco	2008	1545-5963	http://dx.doi.org/10.1109/TCBB.2007.70259	Identification of protein coding regions using the modified Gabor-wavelet transform	IEEE/ACM Transactions on Computational Biology and Bioinformatics (Print)	MENA-CHALCO, J. P.; CARRER, H. ; ZANA, Y. ; CESAR JUNIOR, R. M.	A2	
trabalhoCompletoEmCongresso	Jesus Pascual Mena Chalco	2018	http://dx.doi.org/10.13140/RG.2.1.5183.8561	Formação, endogenia e influência institucional na academia brasileira: Uma análise da absorção de doutores nas instituições de ensino superior	6º Encontro Brasileiro de Bibliometria e Cientometria (EBBC)	DAMACENO, R. J. P. ; HADDAD, E. A. ; MENA-CHALCO, J. P.	Qualis nao identificado	6º Encontro Brasileiro de Bibliometria e Cientometria (EBBC)
trabalhoCompletoEmCongresso	Jesus Pascual Mena Chalco	2018		Medindo o grau de multidisciplinaridade baseado em produções bibliográficas	6º Encontro Brasileiro de Bibliometria e Cientometria (EBBC)	JESUS, R. Z. ; MENA-CHALCO, J. P.	Qualis nao identificado	6º Encontro Brasileiro de Bibliometria e Cientometria (EBBC)
trabalhoCompletoEmCongresso	Jesus Pascual Mena Chalco	2018		Genealogia acadêmica: Um novo olhar sobre impacto acadêmico de pesquisadores	I Seminário de Avaliação de Políticas de CTI	ROSSI, L. ; DAMACENO, R. J. P. ; MENA-CHALCO, J. P.	Qualis nao identificado	I Seminário de Avaliação de Políticas de CTI
trabalhoCompletoEmCongresso	Jesus Pascual Mena Chalco	2018		Identification of the Brazilian academic roots through mining advisor-advisee relationships	Symposium on Knowledge Discovery	DAMACENO, R. J. P. ; ROSSI, L. ; MENA-CHALCO, J. P.	Qualis nao identificado	Symposium on Knowledge Discovery
trabalhoCompletoEmCongresso	Jesus Pascual Mena Chalco	2018		Criação de grafos de tópicos do conhecimento baseada em genealogia acadêmica	6º Encontro Brasileiro de Bibliometria e Cientometria (EBBC)	ROSSI, L. ; MENA-CHALCO, J. P.	Qualis nao identificado	6º Encontro Brasileiro de Bibliometria e Cientometria (EBBC)
trabalhoCompletoEmCongresso	Jesus Pascual Mena Chalco	2017	http://dx.doi.org/10.5540/03.2018.006.01.0370	Genealogia acadêmica dos doutores atuantes em matemática: um mapeamento macro na ciência brasileira	Congresso Nacional de Matemática Aplicada e Computacional	ROSSI, L. ; FREIRE, I. L. ; DAMACENO, R. J. P. ; MENA-CHALCO, J. P.	B4	
trabalhoCompletoEmCongresso	Jesus Pascual Mena Chalco	2017		Identificação do grafo de genealogia acadêmica de pesquisadores: Uma abordagem baseada na Plataforma Lattes	BRAZILIAN SYMPOSIUM ON DATABASES (SBBD 2017)	DAMACENO, R. J. P. ; ROSSI, L. ; MENA-CHALCO, J. P.	Qualis nao identificado	BRAZILIAN SYMPOSIUM ON DATABASES (SBBD 2017)
trabalhoCompletoEmCongresso	Jesus Pascual Mena Chalco	2017		Identificação da Rede Nacional de Pesquisadores na área de Prevenção de Drogas em Contextos Educacionais	Congresso Internacional Abramd	BERNARDO, J. F. ; PINHEIRO, B. O. ; MENA-CHALCO, J. P. ; MICHELI, D.	Qualis nao identificado	Congresso Internacional Abramd
trabalhoCompletoEmCongresso	Jesus Pascual Mena Chalco	2016	http://dx.doi.org/10.13140/RG.2.1.2416.6008	Caracterização de pesquisadores utilizando indicadores bibliométricos de senioridade e inatividade: um estudo de caso dos Bolsistas de Produtividade 1A-CNPq	5º Encontro Brasileiro de Bibliometria e Cientometria	AKAZAKI, J. M. ; BUENO, L. R. ; MENA-CHALCO, J. P.	Qualis nao identificado	5º Encontro Brasileiro de Bibliometria e Cientometria
trabalhoCompletoEmCongresso	Jesus Pascual Mena Chalco	2016	http://dx.doi.org/10.1145/3033701.3033703	Acessibilidade de Dispositivos Móveis: Mapeamento de Problemas e Estudo de Gestos de Toque	XV Brazilian Symposium on Human Factors in Computer Systems (IHC 2016)	DAMACENO, R. J. P. ; BRAGA, J. C. ; MENA-CHALCO, J. P.	B4	IHC
trabalhoCompletoEmCongresso	Jesus Pascual Mena Chalco	2016		Caracterização das redes de convites de bancas de defesa de teses e dissertações do Brasil	XVII Encontro Nacional de Pesquisa em Pós-Graduação em Ciência da Informação	RAMOS, D. F. S. ; MENA-CHALCO, J. P.	Qualis nao identificado	XVII Encontro Nacional de Pesquisa em Pós-Graduação em Ciência da Informação
trabalhoCompletoEmCongresso	Jesus Pascual Mena Chalco	2015	http://dx.doi.org/10.13140/RG.2.1.3373.4241	Índice-h genealógico expandido: Uma medida de impacto em grafos de orientação acadêmica	Workshop on Social Network Analysis and Mining (BraSNAM 2015)	ROSSI, L. ; MENA-CHALCO, J. P.	Qualis nao identificado	Workshop on Social Network Analysis and Mining (BraSNAM 2015)
trabalhoCompletoEmCongresso	Jesus Pascual Mena Chalco	2015		Scholarly Collaboration in Regional Science in Developing Countries: The Case of the Brazilian REAL Network	XIII Encontro Nacional da Associação Brasileira de Estudos Regionais e Urbanos	HADDAD, E. A. ; MENA-CHALCO, J. P. ; SIDONE, O. J. G.	Qualis nao identificado	XIII Encontro Nacional da Associação Brasileira de Estudos Regionais e Urbanos
trabalhoCompletoEmCongresso	Jesus Pascual Mena Chalco	2015	http://dx.doi.org/10.13140/RG.2.1.3616.9688	A coautoria acadêmica interprogramas da pós-graduação em ciência da informação: Uma análise baseada em métricas em grafos	XVI Encontro Nacional de Pesquisa em Pós-Graduação em Ciência da Informação	AUTRAN, M. M. M. ; BORGES, M. M. ; MENA-CHALCO, J. P.	Qualis nao identificado	XVI Encontro Nacional de Pesquisa em Pós-Graduação em Ciência da Informação
trabalhoCompletoEmCongresso	Jesus Pascual Mena Chalco	2015		O QUALIS/CAPES como indicador qualitativo de comunicação da ciência: análise da produção acadêmica dos programas de pós-graduação em Ciência da Informação	VII Encuentro Ibérico - EDICIC 2015	AUTRAN, M. M. M. ; BORGES, M. M. ; MENA-CHALCO, J. P. ; PINHEIRO, V. G.	Qualis nao identificado	VII Encuentro Ibérico - EDICIC 2015
trabalhoCompletoEmCongresso	Jesus Pascual Mena Chalco	2014	http://dx.doi.org/10.13140/RG.2.1.4159.8569	Caracterização de árvores de genealogia acadêmica por meio de métricas em grafos	Brazilian Workshop on Social Network Analysis and Mining (BraSNAM)	ROSSI, L. ; MENA-CHALCO, J. P.	Qualis nao identificado	Brazilian Workshop on Social Network Analysis and Mining (BraSNAM)
trabalhoCompletoEmCongresso	Jesus Pascual Mena Chalco	2014	http://dx.doi.org/10.13140/RG.2.1.3635.5681	Comunicação científica no Brasil (1998-2012): infraestrutura nacional e internacionalização	XIII Congreso Internacional de Información INFO´2014	MUGNAINI, R. ; DIGIAMPIETRI, L. A. ; MENA-CHALCO, J. P.	Qualis nao identificado	XIII Congreso Internacional de Información INFO´2014
trabalhoCompletoEmCongresso	Jesus Pascual Mena Chalco	2014	http://dx.doi.org/10.13140/RG.2.1.2062.7046	Caracterização do banco de teses e dissertações da CAPES	4º Encontro Brasileiro de Bibliometria e Cientometria - EBBC	MENA-CHALCO, J. P.; ROCHA, V.	Qualis nao identificado	4º Encontro Brasileiro de Bibliometria e Cientometria - EBBC
trabalhoCompletoEmCongresso	Jesus Pascual Mena Chalco	2014	http://dx.doi.org/10.13140/RG.2.1.4290.9283	Análise da atualização dos currículos lattes: Uma análise macro sobre as datas das últimas atualizações dos currículos Lattes	4º Encontro Brasileiro de Bibliometria e Cientometria - EBBC	DIGIAMPIETRI, L. A. ; MUGNAINI, R. ; MENA-CHALCO, J. P. ; DELGADO, K. V. ; PEREZ-ALCAZAR, J.	Qualis nao identificado	4º Encontro Brasileiro de Bibliometria e Cientometria - EBBC
trabalhoCompletoEmCongresso	Jesus Pascual Mena Chalco	2013	http://dx.doi.org/10.13140/RG.2.1.3897.7120	Correlation among the scientific production, supervisions and participation in defense examination committees in the Brazilian physicists community	14th International Society of Scientometrics and Informetrics Conference	MUGNAINI, R. ; DIGIAMPIETRI, L. A. ; MENA-CHALCO, J. P.	Qualis nao identificado	14th International Society of Scientometrics and Informetrics Conference
trabalhoCompletoEmCongresso	Jesus Pascual Mena Chalco	2013	http://dx.doi.org/10.1109/eScience.2013.32	Using Link Prediction to Estimate the Collaborative Influence of Researchers	2013 IEEE 9th International Conference on eScience (eScience)	PEREZ-CERVANTES, EVELYN ; MENA-CHALCO, JESUS P. ; OLIVEIRA, MARIA CRISTINA F. DE ; CESAR, ROBERTO	B1	eScience
trabalhoCompletoEmCongresso	Jesus Pascual Mena Chalco	2012	http://dx.doi.org/10.13140/RG.2.1.2849.1364	Caracterizando as redes de coautoria de currículos Lattes	Brazilian Workshop on Social Network Analysis and Mining (BraSNAM)	MENA-CHALCO, J. P.; DIGIAMPIETRI, L. A. ; CESAR JUNIOR, R. M.	Qualis nao identificado	Brazilian Workshop on Social Network Analysis and Mining (BraSNAM)
trabalhoCompletoEmCongresso	Jesus Pascual Mena Chalco	2012	http://dx.doi.org/10.13140/RG.2.1.1007.8164	Minerando e Caracterizando Dados de Currículos Lattes	Brazilian Workshop on Social Network Analysis and Mining (BraSNAM)	DIGIAMPIETRI, L. A. ; MENA-CHALCO, J. P. ; ALCÁZAR, J. J. P. ; TUESTA, E. F. ; DELGADO, K. V. ; MUGNAINI, R. ; SILVA, G. S.	Qualis nao identificado	Brazilian Workshop on Social Network Analysis and Mining (BraSNAM)
trabalhoCompletoEmCongresso	Jesus Pascual Mena Chalco	2012	http://dx.doi.org/10.13140/RG.2.1.3438.9604	Dinâmica das Relações de Coautoria nos Programas de Pós-Graduação em Computação no Brasil	Brazilian Workshop on Social Network Analysis and Mining (BraSNAM)	DIGIAMPIETRI, L. A. ; MENA-CHALCO, J. P. ; SILVA, G. S. ; OLIVEIRA, L. B. ; MALHEIRO, A. P. R. ; MEIRA, D. N. O.	Qualis nao identificado	Brazilian Workshop on Social Network Analysis and Mining (BraSNAM)
trabalhoCompletoEmCongresso	Jesus Pascual Mena Chalco	2012	http://dx.doi.org/10.13140/RG.2.1.3307.8880	Análise temporal da relação orientador-orientado: um estudo de caso sobre a produtividade dos pesquisadores doutores da área de Ciência da Computação	Brazilian Workshop on Social Network Analysis and Mining (BraSNAM)	TUESTA, E. F. ; DELGADO, K. V. ; DIGIAMPIETRI, L. A. ; ALCÁZAR, J. J. P. ; MUGNAINI, R. ; MENA-CHALCO, J. P.	Qualis nao identificado	Brazilian Workshop on Social Network Analysis and Mining (BraSNAM)
trabalhoCompletoEmCongresso	Jesus Pascual Mena Chalco	2012	http://dx.doi.org/10.13140/RG.2.1.4946.2886	Perfil de Produção Bibliográfica dos Programas Brasileiros de Pós-Graduação em Ciência da Computação	3º Encontro Brasileiro de Bibliometria e Cientometria - EBBC	MENA-CHALCO, J. P.; DIGIAMPIETRI, L. A. ; OLIVEIRA, L. B.	Qualis nao identificado	3º Encontro Brasileiro de Bibliometria e Cientometria - EBBC
trabalhoCompletoEmCongresso	Jesus Pascual Mena Chalco	2012	http://dx.doi.org/10.1109/eScience.2012.6404456	Towards a quantitative academic internationalization assessment of Brazilian research groups	2012 IEEE 8th International Conference on EScience (eScience)	PEREZ-CERVANTES, EVELYN ; MENA-CHALCO, JESUS P. ; CESAR-JR, ROBERTO M.	B1	eScience
trabalhoCompletoEmCongresso	Jesus Pascual Mena Chalco	2011	http://dx.doi.org/10.1109/ICIP.2011.6115668	3D Facial expression analysis by using 2D and 3D wavelet transforms	International Conference on Image Processing	PINTO, S. C. D. ; MENA-CHALCO, J. P. ; LOPES, F. M. ; VELHO, L. ; CESAR JUNIOR, R. M.	B4	International Conference on Image Processing Computer Vision and Pattern Recognition
trabalhoCompletoEmCongresso	Jesus Pascual Mena Chalco	2011	http://dx.doi.org/10.13140/RG.2.1.1145.2004	Visualização interativa de redes sociais: um estudo de caso em redes de colaboração científica	Simposio Latinoamericano sobre Computación Gráfica	NASCIMENTO, C. S. ; FREITAS, C. M. D. S. ; GALANTE, R. ; NEDEL, L. ; MENA-CHALCO, J. P.	Qualis nao identificado	Simposio Latinoamericano sobre Computación Gráfica
trabalhoCompletoEmCongresso	Jesus Pascual Mena Chalco	2011	http://dx.doi.org/10.13140/RG.2.1.3963.2482	3D human face reconstruction using principal components spaces	XXIV Sibgrapi ? Conference on Graphics	MENA-CHALCO, J. P.; VELHO, L. ; CESAR JUNIOR, R. M.	Qualis nao identificado	XXIV Sibgrapi ? Conference on Graphics
trabalhoCompletoEmCongresso	Jesus Pascual Mena Chalco	2011	http://dx.doi.org/10.13140/RG.2.1.5011.8246	3D facial animation based on structural registration	XXIV Sibgrapi ? Conference on Graphics	MATTOS, A. B. ; MENA-CHALCO, J. P. ; CESAR JUNIOR, R. M.	Qualis nao identificado	XXIV Sibgrapi ? Conference on Graphics
trabalhoCompletoEmCongresso	Jesus Pascual Mena Chalco	2011	http://dx.doi.org/10.1109/eScienceW.2011.31	Towards automatic discovery of co-authorship networks in the Brazilian academic areas	Workshop On Measuring the Impact of e-Science Research (MeSR 2011) - In Conjunction with 7th IEEE International Conference on e-Science	MENA-CHALCO, J. P.; CESAR JUNIOR, R. M.	Qualis nao identificado	Workshop On Measuring the Impact of e-Science Research (MeSR 2011) - In Conjunction with 7th IEEE International Conference on e-Science
trabalhoCompletoEmCongresso	Jesus Pascual Mena Chalco	2010	http://dx.doi.org/10.1109/SIBGRAPI.2010.44	3D Linear Facial Animation Based on Real Data	Brazilian Symposium on Computer Graphics and Image Processing SIBGRAPI 2010	MATTOS, A. B. ; MENA-CHALCO, J. P. ; CESAR JUNIOR, R. M. ; VELHO, L.	Qualis nao identificado	Brazilian Symposium on Computer Graphics and Image Processing SIBGRAPI 2010
trabalhoCompletoEmCongresso	Jesus Pascual Mena Chalco	2010	http://dx.doi.org/10.13140/RG.2.1.2852.3368	Detección de huevos helmintos mediante plantillas dinámicas	XXXVIth Latin American Informatics Conference (XXXVI CLEI)	CHUCTAYA, J. ; MENA-CHALCO, J. P. ; BELTRÁN-CASTAÑÓN, C. ; PATIÑO, R. ; HUMPIRE, G. ; RODRIGUEZ, A.	Qualis nao identificado	XXXVIth Latin American Informatics Conference (XXXVI CLEI)
trabalhoCompletoEmCongresso	Jesus Pascual Mena Chalco	2010	http://dx.doi.org/10.1109/SCCC.2010.31	A new approach to detect communities in multi-weighted co-authorship networks	XXIX International Conference of the Chilean Computer Science Society	PEREZ, E. ; MENA-CHALCO, J. P.	B3	International Conference of the Chilean Computer Science Society
trabalhoCompletoEmCongresso	Jesus Pascual Mena Chalco	2009		Estimación de distancias absolutas utilizando un puntero láser y una cámara web	III Simposio Peruano de Computación Gráfica y Procesamiento de Imágenes	PORTUGAL ZAMBRANO, C. ; MENA-CHALCO, J. P.	Qualis nao identificado	III Simposio Peruano de Computación Gráfica y Procesamiento de Imágenes
trabalhoCompletoEmCongresso	Jesus Pascual Mena Chalco	2008	http://dx.doi.org/10.1109/SIBGRAPI.2008.40	PCA-based 3D face photography	Brazilian Symposium on Computer Graphics and Image Processing	MENA-CHALCO, J. P.; MACÊDO, I. ; VELHO, L. ; CESAR JUNIOR, R. M.	Qualis nao identificado	Brazilian Symposium on Computer Graphics and Image Processing
trabalhoCompletoEmCongresso	Jesus Pascual Mena Chalco	2008		Firmas genéticas en secuencias de ADN: un análisis en regiones codificantes y no codificantes de proteínas	II Simposio Peruano de Computación Gráfica y Procesamiento de Imágenes	MEDINA-RODRIGUEZ, R. ; MENA-CHALCO, J. P.	Qualis nao identificado	II Simposio Peruano de Computación Gráfica y Procesamiento de Imágenes
trabalhoCompletoEmCongresso	Jesus Pascual Mena Chalco	2006	http://dx.doi.org/10.1109/FGR.2006.66	Human and Machine Recognition of Fourier-Bessel Filtered Face Images	7th IEEE International Conference on Automatic Face and Gesture Recognition	ZANA, Y. ; CESAR JUNIOR, R. M. ; MENA-CHALCO, J. P.	A1	International Conference on Automatic Face and Gesture Recognition
resumoExpandidoEmCongresso	Jesus Pascual Mena Chalco	2017	O Paradoxo da Amizade em Grafos de Genealogia Acadêmica: Uma Análise Experimental	Congresso Nacional de Matemática Aplicada e Computacional, 2017, São José dos Campos, SP. Congresso Nacional de Matemática Aplicada e Computacional	PAULA, A. S. ; MENA-CHALCO, J. P.	B4	Congresso Nacional de Matemática Aplicada e Computacional
resumoExpandidoEmCongresso	Jesus Pascual Mena Chalco	2015	Leadership among the leaders of the Brazilian research groups in Marine Biotechnology	15th INTERNATIONAL CONFERENCE ON SCIENTOMETRICS and INFORMETRICS, 2015, Turquia. Proceedings of ISSI 2015 Istanbul: 15th International Society of Scientometrics and Informetrics Conference, Istanbul, Turkey	FAUSTO, S. ; MENA-CHALCO, J. P.	Qualis nao identificado	15th INTERNATIONAL CONFERENCE ON SCIENTOMETRICS and INFORMETRICS, 2015, Turquia. Proceedings of ISSI 2015 Istanbul: 15th International Society of Scientometrics and Informetrics Conference, Istanbul, Turkey
resumoExpandidoEmCongresso	Jesus Pascual Mena Chalco	2014	Aos ombros de gigantes: um estudo de genealogia acadêmica dos matemáticos no Brasil	Simpósio de Pesquisa do Grande ABC, 2014, São Bernardo. Simpósio de Pesquisa do Grande ABC	ROSSI, L. ; MENA-CHALCO, J. P.	Qualis nao identificado	Simpósio de Pesquisa do Grande ABC, 2014, São Bernardo. Simpósio de Pesquisa do Grande ABC
resumoExpandidoEmCongresso	Jesus Pascual Mena Chalco	2013	The Dynamics of Multidisciplinary Research Networks - Mining a Public Repository of Scientists CVs	World Social Science Forum 2013 (social transformations and the digital ages), 2013, Canada. World Social Science Forum 2013	MEDEIROS, C. B. ; MENA-CHALCO, J. P.	Qualis nao identificado	World Social Science Forum 2013 (social transformations and the digital ages), 2013, Canada. World Social Science Forum 2013
resumoExpandidoEmCongresso	Jesus Pascual Mena Chalco	2012	Rede de coautoria acadêmica da UFABC	Simpósio de Pesquisa do Grande ABC, 2012, São Paulo. Simpósio de Pesquisa do Grande ABC	MENA-CHALCO, J. P.; CAPELLE, K. ; DALPIAN, G. M.	Qualis nao identificado	Simpósio de Pesquisa do Grande ABC, 2012, São Paulo. Simpósio de Pesquisa do Grande ABC
resumoExpandidoEmCongresso	Jesus Pascual Mena Chalco	2012	Interação acadêmica dos docentes do IME-USP no período 2000-2011	VI Simpósio de Iniciação Científica e Pós-Graduação do IME-USP, 2012, São Paulo. VI Simpósio de Iniciação Científica e Pós-Graduação do IME-USP	PEREZ-CERVANTES, E. ; MENA-CHALCO, J. P. ; CESAR JUNIOR, R. M.	Qualis nao identificado	VI Simpósio de Iniciação Científica e Pós-Graduação do IME-USP, 2012, São Paulo. VI Simpósio de Iniciação Científica e Pós-Graduação do IME-USP
resumoExpandidoEmCongresso	Jesus Pascual Mena Chalco	2011	Rede colaborativa dos pesquisadores dos programas de pós-graduação em fonoaudiologia no Brasil	XII Encontro Nacional de Pesquisa em Ciência da Informação, 2011, Brasília. XII Encontro Nacional de Pesquisa em Ciência da Informação	DANUELLO, J. C. ; MENA-CHALCO, J. P. ; OLIVEIRA, E. F. T.	Qualis nao identificado	XII Encontro Nacional de Pesquisa em Ciência da Informação, 2011, Brasília. XII Encontro Nacional de Pesquisa em Ciência da Informação
resumoExpandidoEmCongresso	Jesus Pascual Mena Chalco	2010	Preliminary results on 3D facial expression analysis using 2D and 3D wavelet transforms	23rd Brazilian Symposium on Computer Graphics and Image Processing SIBGRAPI 2010, 2010, Gramado. 23rd Brazilian Symposium on Computer Graphics and Image Processing SIBGRAPI 2010, Conference Proceedings	PINTO, S. C. D. ; MENA-CHALCO, J. P. ; LOPES, F. M. ; CESAR JUNIOR, R. M.	Qualis nao identificado	23rd Brazilian Symposium on Computer Graphics and Image Processing SIBGRAPI 2010, 2010, Gramado. 23rd Brazilian Symposium on Computer Graphics and Image Processing SIBGRAPI 2010, Conference Proceedings
resumoExpandidoEmCongresso	Jesus Pascual Mena Chalco	2004	Bioinformatics Tools for Assembling and Analysis of Chloroplast Genomes	International Conference on Bioinformatics and Computational Biology, 2004, Angra dos Reis. Proc. International Conference on Bioinformatics and Computational Biology	MENA-CHALCO, J. P.; ALVES, H. S. ; CARRER, H. ; CESAR JUNIOR, R. M.	B4	International Conference on Bioinformatics and Computational Biology
trabalhoCompletoEmCongresso	Andrea Britto Mattos	2014	http://dx.doi.org/10.1145/2596695.2596707	Marker-based image recognition of dynamic content for the visually impaired	the 11th Web for All Conference	MATTOS, ANDRÉA BRITTO; CARDONHA, CARLOS ; GALLO, DIEGO ; AVEGLIANO, PRISCILLA ; HERRMANN, RICARDO ; BORGER, SERGIO	Qualis nao identificado	the 11th Web for All Conference
trabalhoCompletoEmCongresso	Andrea Britto Mattos	2014		A Mission-Oriented Citizen Science Platform for Efficient Flower Classification Based on Combination of Feature Descriptors	International Workshop on Environmental Multimedia Retrieval 2014	MATTOS, A. B.; HERRMANN, R. G. ; SHIGENO, K. K. ; FERIS, R. S.	Qualis nao identificado	International Workshop on Environmental Multimedia Retrieval 2014
trabalhoCompletoEmCongresso	Andrea Britto Mattos	2012		E-commerce Market Analysis from a Graph-Based Product Classifier	Computational Processing of the Portuguese Language	MATTOS, A. B.; KAMPEN, M. V. ; CARRICO, C. ; CRIVELLARO, A.	Qualis nao identificado	Computational Processing of the Portuguese Language
trabalhoCompletoEmCongresso	Andrea Britto Mattos	2011	http://dx.doi.org/10.13140/RG.2.1.5011.8246	3D facial animation based on structural registration	XXIV Sibgrapi ? Conference on Graphics	MATTOS, A. B. ; MENA-CHALCO, J. P. ; CESAR JUNIOR, R. M.	Qualis nao identificado	XXIV Sibgrapi ? Conference on Graphics
trabalhoCompletoEmCongresso	Andrea Britto Mattos	2011		Computer vision research at IBOPE Media automation tools to reduce human intervention	XXIV Sibgrapi (Conference on Graphics	MATTOS, A. B.; MONTAGNER, I. ; CRIVELLARO, A. ; KLAVA, B. ; BRUN, M.	Qualis nao identificado	XXIV Sibgrapi (Conference on Graphics
trabalhoCompletoEmCongresso	Andrea Britto Mattos	2010	http://dx.doi.org/10.1109/SIBGRAPI.2010.44	3D Linear Facial Animation Based on Real Data	Brazilian Symposium on Computer Graphics and Image Processing SIBGRAPI 2010	MATTOS, A. B. ; MENA-CHALCO, J. P. ; CESAR JUNIOR, R. M. ; VELHO, L.	Qualis nao identificado	Brazilian Symposium on Computer Graphics and Image Processing SIBGRAPI 2010
resumoExpandidoEmCongresso	Andrea Britto Mattos	2014	Flower Classification for a Citizen Science Mobile App	International Conference, 2014	MATTOS, ANDRÉA BRITTO; HERRMANN, RICARDO GUIMARÃES ; SHIGENO, KELLY KIYUMI ; FERIS, ROGERIO SCHMIDT	Qualis nao identificado	International Conference, 2014
resumoExpandidoEmCongresso	Andrea Britto Mattos	2014	Marker-assisted recognition of dynamic content in public spaces	the 11th Web for All Conference, 2014	MATTOS, ANDRÉA BRITTO; HERRMANN, RICARDO ; CARDONHA, CARLOS ; GALLO, DIEGO ; AVEGLIANO, PRISCILLA ; BORGER, SERGIO	Qualis nao identificado	the 11th Web for All Conference, 2014
resumoExpandidoEmCongresso	Andrea Britto Mattos	2014	Shelf replenishment optimization towards the confluence of mobile and analytics	INFORMS, 2014, Boston. 14th Annual Conference on Business Analytics	AVEGLIANO, P. ; CARDONHA, C. ; MATTOS, A. B. ; BORGER, S.	Qualis nao identificado	INFORMS, 2014, Boston. 14th Annual Conference on Business Analytics
resumoExpandidoEmCongresso	Andrea Britto Mattos	2009	3D facial animation based on structural registration	Brazilian Symposium on Computer Graphics and Image Processing SIBGRAPI 2009, 2009, Rio de Janeiro. Brazilian Symposium on Computer Graphics and Image Processing, Conference Proceedings, 2009	MATTOS, A. B.; CESAR JUNIOR, R. M.	Qualis nao identificado	Brazilian Symposium on Computer Graphics and Image Processing SIBGRAPI 2009, 2009, Rio de Janeiro. Brazilian Symposium on Computer Graphics and Image Processing, Conference Proceedings, 2009
artigoEmPeriodico	Fabricio Martins Lopes	2018	0305-1048	http://dx.doi.org/10.1093/nar/gky462	BASiNET BiologicAl Sequences NETwork: a case study on coding and non-coding RNAs identification	NUCLEIC ACIDS RESEARCH	ITO, Eric A. ; KATAHIRA, Isaque ; VICENTE, Fábio F. R. ; PEREIRA, Luiz Filipe P. ; LOPES, Fabrício M.	B1	Nucleic Acids Research (Online)
artigoEmPeriodico	Fabricio Martins Lopes	2017	1932-6203	http://dx.doi.org/10.1371/journal.pone.0190152	RNA-Seq differential expression analysis: An extended review and a software tool	PLoS One	SILVA, Juliana C. ; DOMINGUES, Douglas S. ; LOPES, Fabrício M.	Qualis nao identificado	PLoS One
artigoEmPeriodico	Fabricio Martins Lopes	2017	1557-8666	http://dx.doi.org/10.1089/cmb.2017.0042	An Efficient Approach to Explore and Discriminate Anomalous Regions in Bacterial Genomes Based on Maximum Entropy	Journal of Computational Biology	BARROS-CARVALHO, GESIELE ALMEIDA ; VAN SLUYS, Marie-Anne ; Lopes, Fabricio Martins	A1	
artigoEmPeriodico	Fabricio Martins Lopes	2016	1751-648X	http://dx.doi.org/10.1504/IJICA.2016.10001773	Evolutionary computation and swarm intelligence for the inference of gene regulatory networks	INTERNATIONAL JOURNAL OF INNOVATIVE COMPUTING AND APPLICATIONS (PRINT)	HATTORI, Leandro T. ; LOPES, Heitor S. ; LOPES, Fabrício M.	B5	International Journal of Innovative Computing and Applications (Print)
artigoEmPeriodico	Fabricio Martins Lopes	2015	1471-2164	http://dx.doi.org/10.1186/1471-2164-16-s5-s10	A database for the taxonomic and phylogenetic identification of the genus Bradyrhizobium using multilocus sequence analysis	BMC Genomics	AZEVEDO, Helton ; LOPES, Fabrício M. ; SILLA, Paulo R. ; HUNGRIA, Mariangela	B1	
artigoEmPeriodico	Fabricio Martins Lopes	2014	0378-1119	http://dx.doi.org/10.1016/j.gene.2014.03.010	Entropic Biological Score: a cell cycle investigation for GRNs inference	GENE	LOPES, Fabrício M.; RAY, SHUBHRA SANKAR ; HASHIMOTO, Ronaldo F. ; CESAR, ROBERTO M.	Qualis nao identificado	GENE
artigoEmPeriodico	Fabricio Martins Lopes	2014	0020-0255	http://dx.doi.org/10.1016/j.ins.2014.02.096	A feature selection technique for inference of graphs from their known topological properties: Revealing scale-free gene regulatory networks	Information Sciences	Lopes, Fabrício M. ; Martins, David C. ; BARRERA, Junior ; Cesar, Roberto M.	A1	
artigoEmPeriodico	Fabricio Martins Lopes	2014	1676-5680	http://dx.doi.org/10.4238/2014.december.19.13	CoffeebEST: an integrated resource for Coffea spp expressed sequence tags	Genetics and Molecular Research	PASCHOAL, Alexandre R. ; FERNANDES, Elias M. ; SILVA, Juliana C. ; LOPES, Fabrício M. ; PEREIRA, Luiz F. P. ; DOMINGUES, Douglas S.	B2	
artigoEmPeriodico	Fabricio Martins Lopes	2014	2330-1635	http://dx.doi.org/10.1002/asi.23010	Brazilian bibliometric coauthorship networks	Journal of the Association for Information Science and Technology	MENA-CHALCO, JESÚS PASCUAL ; DIGIAMPIETRI, LUCIANO ANTONIO ; LOPES, FABRÍCIO MARTINS ; CESAR, ROBERTO MARCONDES	A1	
artigoEmPeriodico	Fabricio Martins Lopes	2013	0300-483X	http://dx.doi.org/10.1016/j.tox.2012.12.010	Ptaquiloside reduces NK cell activities by enhancing metallothionein expression, which is prevented by selenium	Toxicology (Amsterdam)	LATORRE, Andreia O. ; CANICEIRO, Beatriz D. ; FUKUMASU, Heidge ; GARDNER, Dale R. ; LOPES, FABRICIO M. ; WYSOCHI, HARRY L. ; DA SILVA, TEREZA C. ; HARAGUCHI, Mitsue ; BRESSAN, Fabiana F. ; GÓRNIAK, Silvana L.	Qualis nao identificado	Toxicology (Amsterdam)
artigoEmPeriodico	Fabricio Martins Lopes	2013	1475-2875	http://dx.doi.org/10.1186/1475-2875-12-69	Networking the host immune response in Plasmodium vivax malaria	Malaria Journal (Online)	MENDONCA, Vitor R. R. ; QUEIROZ, Artur T. L. ; LOPES, Fabrício M. ; ANDRADE, Bruno B. ; BARRAL-NETTO, Manoel	Qualis nao identificado	Malaria Journal (Online)
artigoEmPeriodico	Fabricio Martins Lopes	2012	1471-2164	http://dx.doi.org/10.1186/1471-2164-13-S6-S7	Assessing the Gain of Biological Data Integration in Gene Networks Inference	BMC GENOMICS	VICENTE, Fábio F. R. ; LOPES, Fabrício M. ; HASHIMOTO, Ronaldo F. ; CESAR JR, Roberto M.	B1	BMC Genomics
artigoEmPeriodico	Fabricio Martins Lopes	2011	1066-5277	http://dx.doi.org/10.1089/cmb.2010.0118	Gene Expression Complex Networks: Synthesis, Identification, and Analysis	Journal of Computational Biology	LOPES, Fabrício M.; CESAR JR, Roberto M. ; COSTA, Luciano da F.	A1	
artigoEmPeriodico	Fabricio Martins Lopes	2011	1752-0509	http://dx.doi.org/10.1186/1752-0509-5-61	Inference of gene regulatory networks from time series by Tsallis entropy	BMC Systems Biology	LOPES, Fabrício M.; DE OLIVEIRA, Evaldo A. ; CESAR JR, Roberto M.	B2	
artigoEmPeriodico	Fabricio Martins Lopes	2008	1471-2105	http://dx.doi.org/10.1186/1471-2105-9-451	Feature selection environment for genomic applications	BMC Bioinformatics	LOPES, Fabrício M.; MARTINS JR, David C. ; CESAR JR, Roberto M.	A1	
trabalhoCompletoEmCongresso	Fabricio Martins Lopes	2017	http://dx.doi.org/10.4018/978-1-5225-0353-8.ch001	Aplicação da Árvore Probabilística de Sufixo na Predição de Resultados do Processo de Extração de Café Solúvel	44º SEMISH Seminário Integrado de Software e Hardware	DA SILVA, Everton ; LIMA, Elenir L. L. ; LOPES, Fabrício M. ; KASHIWABARA, ANDRE YOSHIAKI	B4	Seminário Integrado de Software e Hardware
trabalhoCompletoEmCongresso	Fabricio Martins Lopes	2016	http://dx.doi.org/10.1109/CISP-BMEI.2016.7853010	A feature extraction approach based on complex networks for genomic sequences recognition	2016 9th International Congress on Image and Signal Processing	CONQUE, Bruno M. M. ; KASHIWABARA, ANDRE YOSHIAKI ; Lopes, Fabricio Martins	Qualis nao identificado	2016 9th International Congress on Image and Signal Processing
trabalhoCompletoEmCongresso	Fabricio Martins Lopes	2016	http://dx.doi.org/10.1109/CISP-BMEI.2016.7852721	Combining SURF descriptor and complex networks for face recognition	2016 9th International Congress on Image and Signal Processing	PIOTTO, JOAO GILBERTO S. ; Lopes, Fabricio Martins	Qualis nao identificado	2016 9th International Congress on Image and Signal Processing
trabalhoCompletoEmCongresso	Fabricio Martins Lopes	2015	http://dx.doi.org/10.1007/978-3-319-25751-8_27	A Computer Vision Approach for Automatic Measurement of the Inter-plant Spacing	20th Iberoamerican Congress on Pattern Recognition (CIARP)	BRILHADOR, Anderson ; SERRARENS, Daniel A. ; LOPES, Fabrício M.	B2	Iberoamerican Congress on Pattern Recognition
trabalhoCompletoEmCongresso	Fabricio Martins Lopes	2015	http://dx.doi.org/10.1007/978-3-319-25751-8_80	A Feature Selection Approach for Evaluate the Inference of GRNs Through Biological Data Integration - A Case Study on A. Thaliana	20th Iberoamerican Congress on Pattern Recognition (CIARP)	VICENTE, Fábio F. R. ; MENEZES JUNIOR, Euler A. ; RUBINO, Gabriel ; OLIVEIRA, Juliana ; LOPES, Fabrício M.	B2	Iberoamerican Congress on Pattern Recognition
trabalhoCompletoEmCongresso	Fabricio Martins Lopes	2015	http://dx.doi.org/10.1007/978-3-319-25751-8_39	A Complex Network-Based Approach to the Analysis and Classification of Images	20th Iberoamerican Congress on Pattern Recognition (CIARP)	LIMA, Geovana V. L. ; CASTILHO, Thullyo R. ; BUGATTI, Pedro H. ; SAITO, Priscila T. M. ; LOPES, Fabrício M.	B2	Iberoamerican Congress on Pattern Recognition
trabalhoCompletoEmCongresso	Fabricio Martins Lopes	2015	http://dx.doi.org/10.1109/LA-CCI.2015.7435966	A discretized differential evolution algorithm for the inference of Gene Regulatory Networks	2015 Latin America Congress on Computational Intelligence (LACCI)	HATTORI, Leandro T. ; LOPES, Heitor S. ; LOPES, FABRICIO M.	Qualis nao identificado	2015 Latin America Congress on Computational Intelligence (LACCI)
trabalhoCompletoEmCongresso	Fabricio Martins Lopes	2015		CounterPlant: aplicativo para mensuração da variação no arranjo espacial na linha de plantio de milho	X Congresso Brasileiro de Agroinformática (SBIAGRO)	BRILHADOR, Anderson ; SERRARENS, Daniel A. ; LOPES, Fabrício M.	Qualis nao identificado	X Congresso Brasileiro de Agroinformática (SBIAGRO)
trabalhoCompletoEmCongresso	Fabricio Martins Lopes	2014	http://dx.doi.org/10.1007/978-3-319-09192-1_6	SFFS-SW: A feature selection algorithm exploring the small-world properties of GNs	9th IAPR Conference on Pattern Recognition in Bioinformatics (PRIB)	VICENTE, Fábio F. R. ; LOPES, Fabrício M.	Qualis nao identificado	9th IAPR Conference on Pattern Recognition in Bioinformatics (PRIB)
trabalhoCompletoEmCongresso	Fabricio Martins Lopes	2013	http://dx.doi.org/10.1007/978-3-642-41822-8_54	Combining Texture and Shape Descriptors for Bioimages Classification: A case of study in ImageCLEF dataset	18th Iberoamerican Congress on Pattern Recognition (CIARP)	BRILHADOR, Anderson ; COLONHEZI, Thiago P. ; BUGATTI, Pedro H. ; LOPES, Fabrício M.	B2	Iberoamerican Congress on Pattern Recognition
trabalhoCompletoEmCongresso	Fabricio Martins Lopes	2012	http://dx.doi.org/10.1145/2330163.2330190	Reverse Engineering of GRNs: an Evolutionary Approach Based on the Tsallis Entropy	14th annual conference companion on Genetic and evolutionary computation (GECCO '12)	MENDOZA, Mariana R. ; LOPES, Fabrício M. ; BAZZAN, Ana L. C.	A1	GECCO
trabalhoCompletoEmCongresso	Fabricio Martins Lopes	2012	http://dx.doi.org/10.1145/2382936.2383062	A Monte Carlo approach to measure the robustness of Boolean networks	1st International Workshop on Robustness and Stability of Biological Systems and Computational Solutions (WRSBS)	LOUZADA, Vitor H. P. ; LOPES, Fabrício M. ; HASHIMOTO, Ronaldo F.	Qualis nao identificado	1st International Workshop on Robustness and Stability of Biological Systems and Computational Solutions (WRSBS)
trabalhoCompletoEmCongresso	Fabricio Martins Lopes	2011	http://dx.doi.org/10.1109/ICIP.2011.6115668	3D Facial expression analysis by using 2D and 3D wavelet transforms	18th IEEE International Conference on Image Processing (ICIP)	PINTO, Silvia C. D. ; MENA-CHALCO, Jesús P. ; LOPES, Fabrício M. ; VELHO, Luiz ; CESAR JR, Roberto M.	A1	IEEE International Conference on Image Processing
trabalhoCompletoEmCongresso	Fabricio Martins Lopes	2011	http://dx.doi.org/10.1109/GENSiPS.2011.6169446	Improvement of GNs inference through biological data integration	9th IEEE International Workshop on Genomic Signal Processing and Statistics (GENSIPS)	VICENTE, Fábio F. R. ; LOPES, Fabrício M. ; HASHIMOTO, Ronaldo F.	B4	IEEE International Workshop on Genomic Signal Processing and Statistics
trabalhoCompletoEmCongresso	Fabricio Martins Lopes	2011	http://dx.doi.org/10.1109/GENSiPS.2011.6169431	The effect of certain Boolean functions in stability of networks with varying topology	9th IEEE International Workshop on Genomic Signal Processing and Statistics (GENSIPS)	LOUZADA, Vitor H. P. ; LOPES, Fabrício M. ; HASHIMOTO, Ronaldo F.	B4	IEEE International Workshop on Genomic Signal Processing and Statistics
trabalhoCompletoEmCongresso	Fabricio Martins Lopes	2010	http://dx.doi.org/10.1007/978-3-642-16001-1_35	SFFS-MR: a floating search strategy for GRNs inference	5th IAPR International Conference on Pattern Recognition in Bioinformatics (PRIB)	LOPES, Fabrício Martins ; MARTINS JR, David Corrêa ; BARRERA, Junior ; CESAR JR, Roberto Marcondes	A1	International Conference on Pattern Recognition
trabalhoCompletoEmCongresso	Fabricio Martins Lopes	2009	http://dx.doi.org/10.1109/GENSIPS.2009.5174334	Comparative study of GRNs inference methods based on feature selection by mutual information	7th IEEE International Workshop on Genomic Signal Processing and Statistics (GENSIPS)	LOPES, Fabrício Martins ; MARTINS JR, David Corrêa ; CESAR JR, Roberto Marcondes	B4	IEEE International Workshop on Genomic Signal Processing and Statistics
trabalhoCompletoEmCongresso	Fabricio Martins Lopes	2009	http://dx.doi.org/10.1007/978-3-642-10268-4_55	Analysis of the GRNs inference by using Tsallis entropy and a feature selection approach	14th Iberoamerican Congress on Pattern Recognition (CIARP)	LOPES, Fabrício M.; DE OLIVEIRA, Evaldo A. ; CESAR JR, Roberto M.	B2	Iberoamerican Congress on Pattern Recognition
trabalhoCompletoEmCongresso	Fabricio Martins Lopes	2005	http://dx.doi.org/10.1109/SIBGRAPI.2005.8	A RBFN Perceptive Model for Image Thresholding	18th Brazilian Symposium on Computer Graphics and Image Processing (SIBGRAPI)	LOPES, Fabrício M.; CONSULARO, Luís Augusto	B1	SIBGRAPI
resumoExpandidoEmCongresso	Fabricio Martins Lopes	2012	A Bioinformática Aplicada no Melhoramento de Plantas	2o. Encontro Paranaense de Melhoramento de Plantas (EPMP), 2012, Londrina. 2o. EPMP Encontro Paranaense de Melhoramento de Plantas. Londrina: IAPAR	LOPES, Fabrício M	Qualis nao identificado	2o. Encontro Paranaense de Melhoramento de Plantas (EPMP), 2012, Londrina. 2o. EPMP Encontro Paranaense de Melhoramento de Plantas. Londrina: IAPAR
resumoExpandidoEmCongresso	Fabricio Martins Lopes	2010	Preliminary results on 3D facial expression analysis using 2D and 3D wavelet transforms	23rd Brazilian Symposium on Computer Graphics and Image Processing SIBGRAPI 2010, 2010, Gramado. 23rd Brazilian Symposium on Computer Graphics and Image Processing SIBGRAPI 2010, Conference Proceedings	PINTO, Silvia C. D. ; MENA-CHALCO, Jesús P. ; LOPES, Fabrício M. ; CESAR JR, Roberto M.	Qualis nao identificado	23rd Brazilian Symposium on Computer Graphics and Image Processing SIBGRAPI 2010, 2010, Gramado. 23rd Brazilian Symposium on Computer Graphics and Image Processing SIBGRAPI 2010, Conference Proceedings
resumoExpandidoEmCongresso	Fabricio Martins Lopes	2010	Possíveis mecanismos de ação e reversão dos efeitos imunotóxicos da Pteridium aquilinum	XIX Semana Científica Benjamin Eurico Malucelli, 2010, São Paulo. Anais da Semana Científica Benjamin Eurico Malucelli	LATORRE, Andreia O. ; LOPES, Fabrício M. ; CANICEIRO, Beatriz D. ; GARDNER, Dale R. ; WYSOCHI JR, Harry L. ; HARAGUCHI, Mitsue ; GÓRNIAK, Silvana L.	Qualis nao identificado	XIX Semana Científica Benjamin Eurico Malucelli, 2010, São Paulo. Anais da Semana Científica Benjamin Eurico Malucelli
resumoExpandidoEmCongresso	Fabricio Martins Lopes	2008	AGN Simulation and Validation Model	3rd Brazilian Symposium on Bioinformatics (BSB), 2008, Santo André. Lecture Notes in Computer Science. Berlin: Springer-Verlag	LOPES, Fabrício M.; CESAR JR, Roberto M. ; COSTA, Luciano da F.	B4	Brazilian Symposium on Bioinformatics
resumoExpandidoEmCongresso	Fabricio Martins Lopes	2005	Vídere - Jogos para Estimulação Visual	Workshop de Jogos Digitais na Educação (SBIE), 2005, Juiz de Fora. Workshop de Jogos Digitais na Educação. Gravataí: Ludens Artis	RODRIGUES, Graziela C. V. P. ; LOPES, Fabrício M.	Qualis nao identificado	Workshop de Jogos Digitais na Educação (SBIE), 2005, Juiz de Fora. Workshop de Jogos Digitais na Educação. Gravataí: Ludens Artis
trabalhoCompletoEmCongresso	Antonio de Abreu Batista Junior	2017		Urna eletrônica de terceira geração: Um protótipo para eleicções auditáveis	Simpósio Brasileiro em Segurança da Informação e de Sistemas Computacionais	LIMA, F. T. ; GAZZIRO, M. A. ; BATISTA JUNIOR, A. A. ; MATIAS, P. ; COSTA, J. V. C.	Qualis nao identificado	Simpósio Brasileiro em Segurança da Informação e de Sistemas Computacionais
artigoEmPeriodico	Luciano Rossi	2018	1751-1577	http://dx.doi.org/10.1016/j.joi.2018.08.004	Topological metrics in academic genealogy graphs	Journal of Informetrics	ROSSI, L.; DAMACENO, RAFAEL J. P. ; FREIRE, IGOR L. ; BECHARA, E. J. H. ; MENA-CHALCO, JESUS P.	B2	Journal of Informatrics
artigoEmPeriodico	Luciano Rossi	2017	1751-1577	http://dx.doi.org/10.1016/j.joi.2017.04.001	Genealogical index: A metric to analyze advisor-advisee relationships	Journal of Informetrics	ROSSI, LUCIANO; FREIRE, IGOR L. ; MENA-CHALCO, JESÚS P.	B2	Journal of Informatrics
trabalhoCompletoEmCongresso	Luciano Rossi	2018	http://dx.doi.org/10.5540/03.2018.006.01.0370	Genealogia acadêmica dos doutores atuantes em matemática: um mapeamento macro na ciência brasileira	CNMAC 2017 XXXVII Congresso Nacional de Matemática Aplicada e Computacional	ROSSI, LUCIANO; FREIRE, IGOR LEITE ; DAMACENO, RAFAEL J. P. ; MENA-CHALCO, JESUS P.	B4	Congresso Nacional de Matemática Aplicada e Computacional
trabalhoCompletoEmCongresso	Luciano Rossi	2018		Criação de grafos de tópicos do conhecimento baseada em genealogia acadêmica	6º Encontro Brasileiro de Bibliometria e Cientometria (6º EBBC)	ROSSI, L. ; MENA-CHALCO, J. P.	Qualis nao identificado	6º Encontro Brasileiro de Bibliometria e Cientometria (6º EBBC)
trabalhoCompletoEmCongresso	Luciano Rossi	2018		Genealogia acadêmica: Um novo olhar sobre impacto acadêmico de pesquisadores	I Seminário de Avaliação de Políticas de CTI	ROSSI, L. ; DAMACENO, R. J. P. ; MENA-CHALCO, J. P.	Qualis nao identificado	I Seminário de Avaliação de Políticas de CTI
trabalhoCompletoEmCongresso	Luciano Rossi	2018		Identification of the Brazilian academic roots through mining advisor-advisee relationships	Symposium on Knowledge Discovery	DAMACENO, R. J. P. ; ROSSI, L. ; MENA-CHALCO, J. P.	Qualis nao identificado	Symposium on Knowledge Discovery
trabalhoCompletoEmCongresso	Luciano Rossi	2017		Identificação do grafo de genealogia acadêmica de pesquisadores: Uma abordagem baseada na Plataforma Lattes	Brazilian Symposium on Databases (SBBD 2017)	DAMACENO, R. J. P. ; ROSSI, L. ; MENA-CHALCO, JESÚS P.	Qualis nao identificado	Brazilian Symposium on Databases (SBBD 2017)
trabalhoCompletoEmCongresso	Luciano Rossi	2015	http://dx.doi.org/10.13140/RG.2.1.3373.4241	Índice-h genealógico expandido: Uma medida de impacto em grafos de orientação acadêmica	IV Brazilian Workshop on Social Network Analysis and Mining (BrasNam)	ROSSI, L. ; MENA-CHALCO, J. P.	Qualis nao identificado	IV Brazilian Workshop on Social Network Analysis and Mining (BrasNam)
trabalhoCompletoEmCongresso	Luciano Rossi	2014	http://dx.doi.org/10.13140/RG.2.1.4159.8569	Caracterização de árvores de genealogia acadêmica por meio de métricas em grafos	III Brazilian Workshop on Social Network Analysis and Mining (BraSNAM)	ROSSI, L. ; MENA-CHALCO, J. P.	Qualis nao identificado	III Brazilian Workshop on Social Network Analysis and Mining (BraSNAM)
resumoExpandidoEmCongresso	Luciano Rossi	2014	Aos ombros de gigantes: um estudo de genealogia acadêmica dos matemáticos no Brasil	Simpósio de Pesquisa do Grande ABC, 2014, São Bernardo do Campo. Simpósio de Pesquisa do Grande ABC	ROSSI, L. ; MENA-CHALCO, J. P.	Qualis nao identificado	Simpósio de Pesquisa do Grande ABC, 2014, São Bernardo do Campo. Simpósio de Pesquisa do Grande ABC
artigoEmPeriodico	Rafael Jeferson Pezzuto Damaceno	2018	1751-1577	http://dx.doi.org/10.1016/j.joi.2018.08.004	Topological metrics in academic genealogy graphs	Journal of Informetrics	ROSSI, LUCIANO ; DAMACENO, RAFAEL J.P. ; FREIRE, IGOR L. ; BECHARA, ETELVINO J.H. ; MENA-CHALCO, JESÚS P.	B2	Journal of Informatrics
artigoEmPeriodico	Rafael Jeferson Pezzuto Damaceno	2017	1615-5297	http://dx.doi.org/10.1007/s10209-017-0540-1	Mobile device accessibility for the visually impaired: problems mapping and recommendations	UNIVERSAL ACCESS IN THE INFORMATION SOCIETY (INTERNET)	DAMACENO, RAFAEL JEFERSON PEZZUTO; BRAGA, JULIANA CRISTINA ; MENA-CHALCO, JESÚS PASCUAL	B1	Universal Access in the Information Society (Print)
trabalhoCompletoEmCongresso	Rafael Jeferson Pezzuto Damaceno	2017	http://dx.doi.org/10.5540/03.2018.006.01.0370	Genealogia acadêmica dos doutores atuantes em matemática: um mapeamento macro na ciência brasileira	CNMAC 2017 XXXVII Congresso Nacional de Matemática Aplicada e Computacional	ROSSI, LUCIANO ; FREIRE, IGOR LEITE ; DAMACENO, RAFAEL J. P. ; MENA-CHALCO, JESUS P.	B4	Congresso Nacional de Matemática Aplicada e Computacional
trabalhoCompletoEmCongresso	Rafael Jeferson Pezzuto Damaceno	2018	http://dx.doi.org/10.13140/RG.2.2.18988.16005	Formação, endogenia e influência institucional na academia brasileira: Uma análise da absorção de doutores nas instituições de ensino superior	6º Encontro Brasileiro de Bibliometria e Cientometria (EBBC)	DAMACENO, R. J. P. ; HADDAD, E. A. ; MENA-CHALCO, J. P.	Qualis nao identificado	6º Encontro Brasileiro de Bibliometria e Cientometria (EBBC)
trabalhoCompletoEmCongresso	Rafael Jeferson Pezzuto Damaceno	2018	http://dx.doi.org/10.1145/3192714.3192838	Application for the configuration and adaptation of the Android operating system for the visually impaired	the Internet of Accessible Things	DE OLIVEIRA, BRUNA ; BRAGA, JULIANA CRISTINA ; DAMACENO, RAFAEL J. PEZZUTO	Qualis nao identificado	the Internet of Accessible Things
trabalhoCompletoEmCongresso	Rafael Jeferson Pezzuto Damaceno	2017		Identificação do grafo de genealogia acadêmica de pesquisadores: Uma abordagem baseada na Plataforma Lattes	Brazilian Symposium on Databases (SBBD 2017)	DAMACENO, R. J. P. ; ROSSI, L. ; MENA-CHALCO, JESÚS P.	Qualis nao identificado	Brazilian Symposium on Databases (SBBD 2017)
trabalhoCompletoEmCongresso	Rafael Jeferson Pezzuto Damaceno	2016	http://dx.doi.org/10.1145/3033701.3033703	Mobile Device Accessibility for the Visually Impaired	the 15th Brazilian Symposium	DAMACENO, RAFAEL JEFERSON PEZZUTO; BRAGA, JULIANA CRISTINA ; CHALCO, JESÚS PASCUAL MENA	Qualis nao identificado	the 15th Brazilian Symposium
